time, ambient_temp, solar_irradiance
0,29.44000,1.00000
1,29.44000,1.00000
2,29.44000,1.00000
3,29.44000,1.00000
4,32.78000,1.00000
5,32.78000,10.00000
6,33.89000,50.00000
7,35.00000,120.00000
8,36.11000,250.00000
9,37.22000,400.00000
10,38.33000,550.00000
11,39.44000,680.00000
12,40.56000,700.00000
13,41.67000,680.00000
14,40.56000,600.00000
15,39.44000,500.00000
16,38.33000,380.00000
17,37.22000,250.00000
18,29.44000,100.00000
19,29.44000,20.00000
20,29.44000,0.00000
21,29.44000,0.00000
22,29.44000,0.00000
23,29.44000,0.00000
24,29.44000,0.00000