"time","cylinderMixtureTemperature","mixtureTemperature","panelTemperature","der(cylinderMixtureTemperature)","der(mixtureTemperature)","der(panelTemperature)","ambientTemperature","convectiveLossPanel","electricalPowerOutput","heatLossCylinderExposed","heatLossCylinderInsulated","heatLossVessel","heatTransferCylinderToGround","heatTransferPanelToVessel","radiativeLossPanel","solarIrradiance","stirlingActualEfficiency","stirlingCarnotEfficiency","stirlingHeatFlowCold","stirlingHeatFlowHot","stirlingPowerOutput","stirlingTemperatureDifference","stirlingTotalPowerOutput","thermalPowerAbsorbed","totalSolarPower","weatherData.y[1]","weatherData.y[2]"
0,285.93,293.15,293.15,5.587411558750939e-06,-0.0001609945081553378,-0.004648263190852625,288.15,60,0,-34.01244029771883,-26.77308351041777,60,0.009728783598580155,0,23.66873743534725,0,0,0,0,0,0,7.21999999999997,0,0,0,15,0
3600,285.9460018033577,292.113177078828,290.8107318606097,3.526886479883825e-06,-0.0002931600884167621,-0.0003082559471406163,287.35,41.52878232731655,0,-21.51054272135223,-16.93214457981122,57.15812494593661,0.07978392052338085,-52.09780872873353,16.11763344994808,0,0,0,0,0,0,6.167175275470356,0,0,0,14.2,0
3600.000036010044,285.9460018034845,292.11317706848,290.8107318516953,3.526886479513385e-06,-0.000293160087929693,-0.0003082559420354739,287.35,41.5287822203436,0,-21.5105427194084,-16.93214457828112,57.15812482175988,0.07978392107883145,-52.09780867138761,16.11763340768254,0,0,0,0,0,0,6.167175264995421,0,0,0,14.2,0
3600.000036010044,285.9460018034845,292.11317706848,290.8107318516953,3.52688646944161e-06,-0.0002931600880585238,-0.0003082559457195878,287.3499999959989,41.52878226835674,0,-21.51054265810795,-16.93214453002813,57.15812486977302,0.07978392107883145,-52.09780867138761,16.11763342598346,0,0,0,0,0,0,6.167175264995421,0,0,0,14.19999999599888,0
7200,285.9568750234544,291.1202863280163,289.9680354965927,2.488237513988543e-06,-0.0002579493431669382,-0.0002273167896224534,286.95,36.21642595911226,0,-15.21558737519377,-11.97703510510661,50.04343593619615,0.1273863629273088,-46.0900332569463,13.9653095110382,0,0,0,0,0,0,5.163411304561919,0,0,0,13.8,0
7200.000072010123,285.9568750236455,291.120286309627,289.968035482019,2.488237513430558e-06,-0.0002579493421652881,-0.0002273167845805108,286.95,36.2164257842287,0,-15.21558737226583,-11.97703510280186,50.04343571552454,0.1273863637639687,-46.09003310431945,13.96530944253994,0,0,0,0,0,0,5.16341128598151,0,0,0,13.8,0
7200.000072010123,285.9568750236455,291.120286309627,289.968035482019,2.488237498324899e-06,-0.0002579493423585088,-0.0002273167900995963,286.9499999939991,36.21642585623886,0,-15.21558728032735,-11.97703503043197,50.04343578753469,0.1273863637639687,-46.09003310431945,13.96530946987333,0,0,0,0,0,0,5.16341128598151,0,0,0,13.79999999399916,0
10800,285.9645066774984,290.2563374734301,289.2623246914635,1.710778576357402e-06,-0.0002228071715106231,-0.0002006759241584709,286.65,31.34789629756233,0,-10.50238770543734,-8.267013499625818,43.27604968116088,0.1607973827394452,-39.76051127866185,12.024781615952,0,0,0,0,0,0,4.291830795931673,0,0,0,13.5,0
10800.00010801007,285.9645066776975,290.2563374495485,289.2623246728031,1.710778575776016e-06,-0.0002228071701812831,-0.000200675918483603,286.65,31.34789607363768,0,-10.5023877023866,-8.267013497224411,43.27604939458274,0.160797383611194,-39.76051106981686,12.02478152888403,0,0,0,0,0,0,4.291830771851039,0,0,0,13.5,0
10800.00010801007,285.9645066776975,290.2563374495485,289.2623246728031,1.710778538013728e-06,-0.0002228071706643109,-0.0002006759322687398,286.6499999849986,31.3478962536542,0,-10.50238747255173,-8.267013316308603,43.27604957459926,0.160797383611194,-39.76051106981686,12.02478159699998,0,0,0,0,0,0,4.291830771851039,0,0,0,13.4999999849986,0
14400,285.9684100302842,289.4859647941773,288.5704264862418,4.407543250339718e-07,-0.0002056788286413826,-0.0001942210219005392,286.15,29.0451178349017,0,-2.782125226856279,-2.18996550624034,40.03157753012761,0.1778860762927927,-36.62153231741968,11.07239287672768,0,0,0,0,0,0,3.517554763893031,0,0,0,13,0
14400.00014401015,285.9684100303522,289.485964764604,288.5704264597101,4.4075432483564e-07,-0.0002056788273627051,-0.0001942210041435699,286.15,29.04511751652171,0,-2.782125225815562,-2.189965505421133,40.03157717524869,0.1778860765901778,-36.62153219575657,11.07239275381912,0,0,0,0,0,0,3.51755473425186,0,0,0,13,0
14400.00014401015,285.9684100303522,289.485964764604,288.5704264597101,4.407543046962395e-07,-0.0002056788276203137,-0.0001942210114849188,286.1499999919994,29.0451176125282,0,-2.782125103239925,-2.189965408935032,40.03157727125517,0.1778860765901778,-36.62153219575657,11.07239278995691,0,0,0,0,0,0,3.51755473425186,0,0,0,12.99999999199944,0
18000,285.9691356985006,288.7992493691359,288.0139773027257,-6.481542689437666e-08,-0.0001760256935590779,-0.0001534089208643691,285.95,24.76772763270878,0,0.2931764877504622,0.2307755198135706,34.19099242963102,0.1810630173612427,-31.41088265640747,9.40451559925733,0,0,0,0,0,0,2.830113670635342,0,0,0,12.8,0
18000.00018001003,285.9691356985048,288.7992493376354,288.0139772784164,-6.481542690665831e-08,-0.0001760256917729742,-0.0001534089144183091,285.95,24.767727340997,0,0.2931764878149083,0.2307755198642997,34.19099205162547,0.1810630173796582,-31.41088236876158,9.404515487294143,0,0,0,0,0,0,2.830113639130673,0,0,0,12.8,0
18000.00018001003,285.9691356985048,288.7992493376354,288.0139772784164,-6.481537655880082e-08,-0.0001760256911289608,-0.0001534087891252781,285.9500000200011,24.76772710098385,4.682709299363224e-07,0.2931761813797372,0.2307752786521327,34.19099181161232,0.1810630173796582,-31.41088236876158,9.40451539713999,2.500139291643993e-06,0,0,0,0,0,2.830113639130673,4.682709299363224e-07,1.925107254565875e-06,2.500139291643993e-06,12.80000002000111,2.500139291643993e-06
21600,285.9706981223334,288.366441047106,288.3911962121302,9.375246769089104e-07,-6.227022317569011e-05,0.0002042718959972309,286.35,24.49435454556328,9.351316936363311,-5.811253364390018,-4.574360741632676,24.19729256527216,0.1879032348729531,0.9902066009703959,9.338544725516165,50,0,0,0,0,0,2.395742924772549,9.351316936363311,38.5,50,13.2,50
21600.00021601021,285.9706981225173,288.3664410325715,288.3911962313682,9.375246763720038e-07,-6.227021908291171e-05,0.0002042718031801439,286.35,24.49435477641896,9.351316935670742,-5.811253361572678,-4.57436073941499,24.19729239085859,0.187903235678008,0.9902079518678876,9.338544814470563,50,0,0,0,0,0,2.395742910054196,9.351316935670742,38.5,50,13.2,50
21600.00021601021,285.9706981225173,288.3664410325715,288.3911962313682,9.3752487272726e-07,-6.227021657127753e-05,0.0002042723881555855,286.3500000780037,24.49435384037429,9.351319180092876,-5.811254556661398,-4.574361680135791,24.19729145481392,0.187903235678008,0.9902079518678876,9.338544461393983,50.00001200056714,0,0,0,0,0,2.395742910054196,9.351319180092876,38.5000092404367,50.00001200056714,13.20000007800369,50.00001200056714
25200,285.9799013702208,288.7154802388043,291.4392741483111,4.183085000204738e-06,0.0002580366137859218,0.001130217480215698,287.65,45.4712897797333,46.207930653304,-25.587445917418,-20.1413018404115,12.78576286565226,0.2281946180683516,108.9517563802701,17.73303919611401,250,0,0,0,0,0,2.735578868583559,46.207930653304,192.5,250,14.5,250
25200.0002520101,285.9799013712296,288.7154803016592,291.4392743388844,4.183084997259138e-06,0.0002580366254700461,0.001130217018824249,287.65,45.47129206661293,46.20793061900081,-25.58744590196138,-20.14130182824474,12.78576361991031,0.2281946224850798,108.9517614890087,17.73304010554185,250,0,0,0,0,0,2.73557893042954,46.20793061900081,192.5,250,14.5,250
25200.0002520101,285.9799013712296,288.7154803016592,291.4392743388844,4.183085296824475e-06,0.0002580366293018689,0.001130217727408861,287.6500001190047,45.47129063855573,46.20793320674863,-25.58744772522378,-20.14130326343598,12.78576219185311,0.2281946224850798,108.9517614890087,17.73303955950813,250.0000140005612,0,0,0,0,0,2.73557893042954,46.20793320674863,192.5000107804321,250.0000140005612,14.50000011900477,250.0000140005612
28800,286.002513674131,290.2014454601014,295.6008567735819,8.396396327062869e-06,0.0005521014372140779,0.001408947092259371,289.35,75.01028128298299,81.82592240535945,-51.28656702975184,-40.37050943805043,10.21734552121734,0.327190213202955,215.9764525392189,30.15221851712947,450,0,0,0,0,0,4.198931785970387,81.82592240535945,346.5,450,16.2,450
28800.00028801026,286.0025136765078,290.201445618183,295.600857090486,8.396396320123411e-06,0.0005521014491703909,0.001408946440384426,289.35,75.01028508583227,81.82592230268251,-51.28656699333804,-40.3705094093871,10.2173474181966,0.3271902236081971,215.9764588921189,30.15222009512914,450,0,0,0,0,0,4.198931941675255,81.82592230268251,346.5,450,16.2,450
28800.00028801026,286.0025136765078,290.201445618183,295.600857090486,8.396396783314884e-06,0.0005521014550952007,0.001408947295265497,289.3500001840065,75.0102828777533,81.82592521215228,-51.28656981248797,-40.37051162849681,10.21734521011763,0.3271902236081971,215.9764588921189,30.15221923578765,450.0000160005699,0,0,0,0,0,4.198931941675255,81.82592521215228,346.5000123204388,450.0000160005699,16.20000018400655,450.0000160005699
32400,286.0429102342653,292.6974792818506,300.644961739983,1.406813519367105e-05,0.0008192730039232466,0.0016451176181541,291.65,107.9395408797961,115.8323579056879,-85.90576842387513,-67.62120835514629,12.56975138220719,0.5040444394577485,317.8992983252965,45.04904366813355,650,0,0,0,0,0,6.654569047585255,115.8323579056879,500.5,650,18.5,650
32400.00032401033,286.0429102387627,292.6974795461097,300.6449621706469,1.406813518053998e-05,0.0008192730132745718,0.001645116835916248,291.65,107.9395460477633,115.8323577041372,-85.90576835497178,-67.62120830090863,12.56975455331622,0.5040444591468793,317.8993049814903,45.0490459242539,650,0,0,0,0,0,6.654569307347003,115.8323577041372,500.5,650,18.5,650
32400.00032401033,286.0429102387627,292.6974795461097,300.6449621706469,1.406813565631631e-05,0.000819273019360358,0.001645117782161844,291.650000189006,107.9395437796911,115.8323609119048,-85.90577125071766,-67.62121058031127,12.56975228524402,0.5040444591468793,317.8993049814903,45.04904502034739,650.0000180005741,0,0,0,0,0,6.654569307347003,115.8323609119048,500.500013860442,650.0000180005741,18.50000018900603,650.0000180005741
36000,286.103839918626,296.0746358101083,306.2369157159745,1.917647166271277e-05,0.00101586345034347,0.00184148731000321,293.75,149.8429885916944,148.0508075818236,-117.1461996732148,-92.212289366059,27.89562972129966,0.7707917107040406,406.4911962346492,65.01904359359865,850,0,0,0,0,0,9.970795891482283,148.0508075818236,654.5,850,20.6,850
36000.00036001029,286.1038399255236,296.0746361766622,306.2369162548713,1.917647164257371e-05,0.00101586345703834,0.001841486401999084,293.75,149.8429950584562,148.0508072520187,-117.146199567538,-92.21228928287489,27.89563411994686,0.770791740901192,406.4912031283643,65.01904657719602,850,0,0,0,0,0,9.970796251138665,148.0508072520187,654.5,850,20.6,850
36000.00036001029,286.1038399255236,296.0746361766622,306.2369162548713,1.917647224673211e-05,0.001015863464766297,0.001841487054948498,293.7500002400068,149.8429921783741,148.0508089938427,-117.1462032446633,-92.21229217734479,27.89563123986477,0.770791740901192,406.4912031283643,65.01904540440884,850.0000100002859,0,0,0,0,0,9.970796251138665,148.0508089938427,654.5000077002202,850.0000100002859,20.60000024000686,850.0000100002859
39600,286.1876727850524,299.8036373350885,311.0445053496084,3.075600958333308e-05,0.0009200539280069453,0.001262981358318431,296.15,178.7340641953012,162.1801583408678,-152.6320088399764,-120.1451434612171,43.84364802106256,1.137808027867532,449.6347205807957,80.39755077417135,950,0,0,62.9021360802782,62.9021360802782,0,13.6159645500361,162.1801583408678,731.5,950,23,950
39600.00039601057,286.1876727973369,299.8036376963789,311.044505827729,3.075601297228704e-05,0.0009200538289550979,0.00126298062585169,296.15,178.7340699327481,162.1801580138334,-152.6320086517676,-120.1451433130675,43.84365235654741,1.13780808164819,449.6347252540022,80.3975535479193,950,0,0,62.90217333299104,62.90217333299104,0,13.61596489904207,162.1801580138334,731.5,950,23,950
39600.00039601057,286.1876727973369,299.8036376963789,311.044505827729,3.075601366455058e-05,0.0009200538378100316,0.001262981120975289,296.1500002750073,178.7340666326602,162.1801589527962,-152.6320128651325,-120.1451466296414,43.84364905645953,1.13780808164819,449.6347252540022,80.39755217089542,950.0000055001468,0,0,62.90217333299104,62.90217333299104,0,13.61596489904207,162.1801589527962,731.500004235113,950.0000055001468,23.00000027500734,950.0000055001468
43200,286.3502162785385,302.1156739938363,314.1859231474184,5.246310857249187e-05,0.0005493669601698116,0.0008075797524494538,298.65,186.4310777690212,168.4541353338587,-188.4439907662462,-148.3347462769228,41.58808792603531,1.849415740941869,482.8099661432862,86.22252054360247,1000,0.003195541915146241,0.007988854787865603,235.7261780153552,236.4818657294657,0.7556877141104932,15.76545771529771,169.2098230479692,770,1000,25.5,1000
43200.00043201031,286.3502163012059,302.1156742308449,314.1859234724338,5.246310878060178e-05,0.0005493669533571943,0.000807579232244127,298.65,186.4310816692064,168.4541350998476,-188.4439904189609,-148.3347460035552,41.58809077013893,1.849415840178643,482.8099696635582,86.22252248684113,1000,0.003195542850891095,0.007988857127227737,235.7261809989131,236.4818689445843,0.7556879456712312,15.76545792963896,169.2098230455188,770,1000,25.5,1000
43200.00043201031,286.3502163012059,302.1156742308449,314.1859234724338,5.246310917330285e-05,0.0005493669583803419,0.0008075791240791119,298.6500001560037,186.4310797971621,168.4541340890987,-188.4439928090809,-148.3347478849516,41.58808889809461,1.849415840178643,482.8099696635582,86.22252168574542,999.9999939998568,0.003195542850891095,0.007988857127227737,235.7261809989131,236.4818689445843,0.7556879456712312,15.76545792963896,169.2098220347699,769.9999953798897,999.9999939998568,25.50000015600372,999.9999939998568
46800,286.5475936068889,303.8439998975147,315.2875588469517,5.709049257157469e-05,0.0004066943041858023,0.0001990257621280125,299.95,184.0507061634205,159.277909748685,-205.337183464622,-161.6323178393351,46.72799877017678,2.713524332604141,457.7423579774791,86.12447214079621,950,0.01045788660612937,0.02614471651532342,256.7328365241731,259.4460943593867,2.713257835213607,17.29640629062578,161.9911675838986,731.5,950,26.8,950
46800.00046801008,286.5475936334392,303.8440000875429,315.2875589587695,5.709049269717779e-05,0.0004066942830930511,0.0001990258238498915,299.95,184.0507075052344,159.2779096722016,-205.3371830578477,-161.6323175191405,46.72800105051488,2.713524448839894,457.7423548490652,86.12447281640236,950,0.01045788744291433,0.02614471860728582,256.7328387335969,259.4460968115555,2.713258077958702,17.2964064541037,161.9911677501603,731.5,950,26.8,950
46800.00046801008,286.5475936334392,303.8440000875429,315.2875589587695,5.709049282807781e-05,0.0004066942847674293,0.0001990253174238421,299.9500000520011,184.0507068812212,159.2779074925622,-205.3371838545523,-161.632318146271,46.72800042650169,2.713524448839894,457.7423548490652,86.12447254586878,949.9999869997199,0.01045788744291433,0.02614471860728582,256.7328387335969,259.4460968115555,2.713258077958702,17.2964064541037,161.9911655705209,731.4999899897844,949.9999869997199,26.80000005200112,949.9999869997199
50400,286.7560076978918,304.9226598993947,314.958842817218,5.856029756456815e-05,0.0001987627864458573,-0.0002394303746633805,300.35,175.3061138066164,142.7129881958626,-208.2724556680675,-163.9428338487943,54.87191879273701,3.625951348230438,401.4473167129313,82.05631622439316,850,0.01509299943974192,0.0377324985993548,268.3869439500548,272.4997830225439,4.11283907248905,18.16665220150293,146.8258272683516,654.5,850,27.2,850
50400.0005040103,286.756007727358,304.9226600020437,314.9588427839078,5.856029756779766e-05,0.0001987627656027074,-0.0002394300391786943,300.35,175.3061134068935,142.7129882162484,-208.2724552166181,-163.9428334934334,54.8719200245248,3.625951477232098,401.4473112745623,82.05631602376077,850,0.01509299984426794,0.03773249961066984,268.386944920995,272.4997841202855,4.112839199290516,18.1666522746857,146.8258274155389,654.5,850,27.2,850
50400.0005040103,286.756007727358,304.9226600020437,314.9588427839078,5.85602973211017e-05,0.0001987627624471514,-0.0002394313307541288,300.349999901998,175.3061145829172,142.7129835150186,-208.2724537151378,-163.9428323115347,54.87192120054851,3.625951477232098,401.4473112745623,82.0563165356544,849.9999719994279,0.01509299984426794,0.03773249961066984,268.386944920995,272.4997841202855,4.112839199290516,18.1666522746857,146.8258227143091,654.4999784395595,849.9999719994279,27.199999901998,849.9999719994279
54000,286.9627935891835,305.0612729016412,312.4199184018041,5.61115244351684e-05,-0.0001128749790171672,-0.0009820172064086831,299.65,153.2390208216491,110.3216781879557,-194.37966242916,-153.0070435813966,64.93527481969454,4.531250182666649,294.3458200065152,70.59146888719204,650,0.01470596728406712,0.03676491821016779,267.4848550169591,271.4771896868646,3.992334669905514,18.09847931245764,114.3140128578612,500.5,650,26.5,650
54000.00054001044,286.9627936195014,305.0612728414245,312.4199179741856,5.611152423612281e-05,-0.0001128750128674739,-0.0009820159652246072,299.65,153.2390156902279,110.3216783880811,-194.379661964662,-153.0070432157644,64.93527409709441,4.531250315396945,294.345805310445,70.59146637336998,650,0.0147059667837117,0.03676491695927925,267.4848538147466,271.4771883288461,3.992334514099456,18.09847922192307,114.3140129021806,500.5,650,26.5,650
54000.00054001044,286.9627936195014,305.0612728414245,312.4199179741856,5.611152366972956e-05,-0.0001128750201123661,-0.000982017463422678,299.6499997749956,153.2390183902799,110.3216732962129,-194.3796585173889,-153.0070405022241,64.93527679714634,4.531250315396945,294.345805310445,70.59146754043668,649.9999699994199,0.0147059667837117,0.03676491695927925,267.4848538147466,271.4771883288461,3.992334514099456,18.09847922192307,114.3140078103123,500.4999768995534,649.9999699994199,26.49999977499565,649.9999699994199
57600,287.1548398867499,304.1387670387562,308.7605565700327,5.03973760286173e-05,-0.0003803563154445653,-0.001270815504663924,298.15,127.3266788403926,77.56217967130939,-168.4559580701728,-132.6010540191277,71.86520446507484,5.372019774143655,184.8715812510591,57.17641899249899,450,0.008863026454044768,0.02215756613511192,252.5009723454681,254.7589072800952,2.257934934627022,16.98392715200634,79.82011460593641,346.5,450,25,450
57600.00057601013,287.1548399158543,304.1387668216688,308.7605560232489,5.039737563576528e-05,-0.000380356333931909,-0.001270814235109272,298.15,127.3266722789872,77.56217984846735,-168.4559576242658,-132.6010536681295,71.86520186002599,5.372019901561583,184.871568063204,57.17641588977571,450,0.008863025232055032,0.02215756308013758,252.5009689966331,254.7589035872173,2.257934590584182,16.98392690581449,79.82011443905154,346.5,450,25,450
57600.00057601013,287.1548399158543,304.1387668216688,308.7605560232489,5.039737491078307e-05,-0.0003803563432053563,-0.0012708158777768,298.1499997119949,127.3266757350482,77.56217433283759,-168.4559532117632,-132.6010501948033,71.86520531608699,5.372019901561583,184.871568063204,57.17641736129702,449.9999679994374,0.008863025232055032,0.02215756308013758,252.5009689966331,254.7589035872173,2.257934590584182,16.98392690581449,79.82010892342177,346.4999753595668,449.9999679994374,24.99999971199494,449.9999679994374
61200,287.3210746629555,302.3294427816553,304.3193594189398,4.286350976117807e-05,-0.0005830206006130362,-0.001353126780133783,296.35,95.63231302727831,43.88951530459083,-138.3314342246804,-108.8883657919018,71.75331337986404,6.099787748068786,79.59666549138092,41.62730352374886,250,3.323309956247593e-05,8.308274890618983e-05,225.1180401616179,225.1255217804973,0.007481618879385611,15.00836811869982,43.89699692347022,192.5,250,23.2,250
61200.0006120105,287.3210746886334,302.3294424377639,304.319358771283,4.286350920697085e-05,-0.0005830206072684986,-0.001353125477838919,296.35,95.63230525539666,43.88951542116905,-138.3314338312708,-108.8883654822273,71.75330925316757,6.099787860485566,79.59665334076362,41.62730000494025,250,3.323163107650601e-05,8.307907769126501e-05,225.1180349488562,225.1255162369577,0.007481288101494541,15.00836774913051,43.89699670927055,192.5,250,23.2,250
61200.0006120105,287.3210746886334,302.3294424377639,304.319358771283,4.286350826550141e-05,-0.0005830206193110936,-0.001353126922280288,296.3499996259936,95.63230974347334,43.8895109443617,-138.3314281011492,-108.8883609717299,71.75331374124426,6.099787860485566,79.59665334076362,41.62730188147147,249.9999744995627,3.323163107650601e-05,8.307907769126501e-05,225.1180349488562,225.1255162369577,0.007481288101494541,15.00836774913051,43.8969922324632,192.4999803646633,249.9999744995627,23.19999962599358,249.9999744995627
64800,287.4298165250328,300.77321422802,300.4808401628035,1.947126857964213e-05,-0.0003368520943836806,-0.001075245394437422,294.15,75.97008195364197,17.83217950827815,-102.9593870414593,-81.04506008136362,79.47857073624073,6.575854467989021,-11.69496260866254,32.07929775489416,100,0,0,34.36569090937905,34.36569090937905,0,13.3433977029872,17.83217950827815,77,100,21,100
64800.00064801043,287.4298165379305,300.7732140126094,300.4808396736493,1.947126638739313e-05,-0.0003368520539438483,-0.001075244317885766,294.15,75.97007608379204,17.83217954349725,-102.9593868438545,-81.04505992581785,79.47856815131308,6.575854524454606,-11.69497355840349,32.07929519655524,100,0,0,34.36566747330668,34.36566747330668,0,13.34339747467885,17.83217954349725,77,100,21,100
64800.00064801043,287.4298165379305,300.7732140126094,300.4808396736493,1.947126570772331e-05,-0.0003368520626376922,-0.001075245341499203,294.1499997299956,75.9700793238444,17.83217633365328,-102.9593827071395,-81.0450566695794,79.47857139136545,6.575854524454606,-11.69497355840349,32.07929652132171,99.99998199971034,0,0,34.36566747330668,34.36566747330668,0,13.34339747467885,17.83217633365328,76.99998613977696,99.99998199971034,20.99999972999565,99.99998199971034
68400,287.4822883618793,299.4852286228686,297.7528364860304,1.238277849597999e-05,-0.0004060239340552249,-0.0009581422191893983,292.65,61.23403783236563,0,-79.17409169703029,-62.32233119151507,82.02274347442335,6.805573683556043,-69.29568547352574,25.30820758656928,0,0,0,0,0,0,12.00294026098925,0,0,0,19.5,0
68400.00068401058,287.4822883703451,299.4852283427559,297.7528360197682,1.23827784712622e-05,-0.0004060239450152781,-0.0009581413628603198,292.65,61.2340322372188,0,-79.17409156732725,-62.3223310894186,82.02274011307145,6.805573720618683,-69.29569291950884,25.3082052137758,0,0,0,0,0,0,12.00293997241084,0,0,0,19.5,0
68400.00068401058,287.4822883703451,299.4852283427559,297.7528360197682,1.238277784949064e-05,-0.0004060239529685295,-0.0009581415938333778,292.6499997529962,61.23403520126453,0,-79.17408778300187,-62.3223281105656,82.02274307711718,6.805573720618683,-69.29569291950884,25.30820640724511,0,0,0,0,0,0,12.00293997241084,0,0,0,19.49999975299618,0
72000,287.5201903175418,297.9906858458138,296.1566615563467,8.999683168531065e-06,-0.0004106680159306476,-0.0004338314185308479,291.35,57.67993867616087,0,-58.67620413343874,-46.18730380966629,79.68823014976601,6.97150664962918,-73.3609715786838,23.48999843607819,0,0,0,0,0,0,10.47049552827195,0,0,0,18.2,0
72000.00072001023,287.5201903240176,297.9906855527397,296.1566612874521,8.999683149623486e-06,-0.0004106680038988075,-0.0004338312181940264,291.35,57.67993544942556,0,-58.67620403422396,-46.18730373156881,79.68822663287688,6.971506677979806,-73.3609706115044,23.48999708957132,0,0,0,0,0,0,10.47049522872209,0,0,0,18.2,0
72000.00072001023,287.5201903240176,297.9906855527397,296.1566612874521,8.999682746856938e-06,-0.0004106680090507054,-0.000433831367242196,291.3499998399977,57.679937369453,0,-58.67620158284187,-46.18730180194962,79.68822855290432,6.971506677979806,-73.3609706115044,23.48999785241093,0,0,0,0,0,0,10.47049522872209,0,0,0,18.19999983999773,0
75600,287.5484868371187,296.585779998135,294.9086046325436,6.903260700016041e-06,-0.0003743561684758033,-0.0003496873736303058,290.55,52.30325559052358,0,-45.98594020509739,-36.19809124659381,72.42935997762015,7.09538747163077,-67.08701462365525,21.07813175847718,0,0,0,0,0,0,9.037293161016237,0,0,0,17.4,0
75600.00075601028,287.5484868422905,296.5857797329019,294.9086044210511,6.903260684915935e-06,-0.0003743561541676397,-0.0003496872939625544,290.55,52.30325305261317,0,-45.98594012586177,-36.19809118422305,72.42935679482366,7.09538749427235,-67.08701247403496,21.07813071274777,0,0,0,0,0,0,9.037292890611468,0,0,0,17.4,0
75600.00075601028,287.5484868422905,296.5857797329019,294.9086044210511,6.903260209148336e-06,-0.0003743561602533142,-0.0003496874696143139,290.5499998109974,52.30325532064376,0,-45.98593723016901,-36.19808890486222,72.42935906285425,7.09538749427235,-67.08701247403496,21.07813160644886,0,0,0,0,0,0,9.037292890611468,0,0,0,17.39999981099743,0
79200,287.5692067207761,295.2850052984601,293.7249754045732,4.577234553386421e-06,-0.0003488784782782861,-0.0003330682900261982,289.65,48.89970485487902,0,-31.8796653970711,-25.09425776242244,67.62006358152121,7.186098140562239,-62.40119575547397,19.49672012106652,0,0,0,0,0,0,7.715798577683984,0,0,0,16.5,0
79200.00079201066,287.5692067244461,295.285005022641,293.7249751548744,4.577234542670859e-06,-0.0003488784665937378,-0.0003330681138366201,289.65,48.89970185849256,0,-31.87966534084274,-25.09425771816197,67.62006027169195,7.186098156629493,-62.40119471066464,19.49671890123124,0,0,0,0,0,0,7.715798298194841,0,0,0,16.5,0
79200.00079201066,287.5692067244461,295.285005022641,293.7249751548744,4.577234155008396e-06,-0.0003488784715524352,-0.0003330682565854867,289.6499998459979,48.89970370651736,0,-31.87966298138955,-25.09425586090513,67.62006211971675,7.186098156629493,-62.40119471066464,19.49671962268604,0,0,0,0,0,0,7.715798298194841,0,0,0,16.49999984599793,0
82800,287.5826139155017,294.0878072605822,292.6741539782412,2.77601055453909e-06,-0.0003171586938446497,-0.0003223248357769304,288.95,44.68984773889497,0,-20.94961151483304,-16.49060442849355,61.65368712698682,7.24479420383015,-56.54613129363953,17.6581305987293,0,0,0,0,0,0,6.5051933450805,0,0,0,15.8,0
82800.00082801038,287.5826139180561,294.0878070019149,292.6741537661607,2.776010547080981e-06,-0.0003171586805157052,-0.0003223247409726565,288.95,44.6898451939287,0,-20.9496114756977,-16.49060439768795,61.65368402297941,7.244794215013072,-56.546129430169,17.65812957374812,0,0,0,0,0,0,6.505193083858842,0,0,0,15.8,0
82800.00082801038,287.5826139180561,294.0878070019149,292.6741537661607,2.77601019969546e-06,-0.0003171586849592091,-0.0003223248686305801,288.9499998619983,44.68984684994939,0,-20.94960936138446,-16.4906027333944,61.65368567900009,7.244794215013072,-56.546129430169,17.65813021557005,0,0,0,0,0,0,6.505193083858842,0,0,0,15.79999986199827,0
86400,287.5899195850482,292.999317254823,291.7153414267183,1.244326924484683e-06,-0.0002875116135590459,-0.0002696560712291904,288.35,40.38409712062048,0,-11.64513051126662,-9.166529920782125,55.79180705787689,7.276778078957724,-51.35903312418804,15.82874528569299,0,0,0,0,0,0,5.409397669774819,0,0,0,15.2,0
86400,287.5899195850482,292.999317254823,291.7153414267183,1.244326924484683e-06,-0.0002875116135590459,-0.0002696560712291904,288.35,40.38409712062048,0,-11.64513051126662,-9.166529920782125,55.79180705787689,7.276778078957724,-51.35903312418804,15.82874528569299,0,0,0,0,0,0,5.409397669774819,0,0,0,15.2,0
