chem_key,route_key,chem,route,plant_capacity_MWth,pond_area_km2,solar_to_chem_efficiency,annual_charge_TWh,annual_freshwater_Mm3,voyages_per_ship_per_year,ships_required,cargo_consumed_fraction,annual_heat_delivered_TWh,annual_salt_throughput_kt,round_trip_thermal_efficiency,freshwater_per_MWh_m3,capex_source_M_USD,capex_dest_M_USD,capex_ships_M_USD,salt_inventory_M_USD,annual_opex_M_USD,LCOH_USD_per_MWh,payback_year,annual_avoided_CO2_kt,embodied_CO2_kt,net_avoided_CO2_kt_per_yr,co2_payback_years
CaCl2_passive,morocco_baltic,CaCl2 (passive),Morocco -> Baltic,1000.0,20.85483454737811,0.10235677927319858,5.552245796492649,5.465581188444174,11.50975552802444,33,0.0,4.38,13118.965344648463,0.7888699745185712,1.2478495864027794,495.387021852806,420.0,1980.0,428.4,102.0750244176209,88.42258171099223,20.679965946855653,1270.2,398.8544426223367,1270.2,0.314009165975702
CaCl2_passive,tunisia_adriatic,CaCl2 (passive),Tunisia -> Adriatic,1000.0,29.968183594248515,0.07736694916839738,5.528058809009656,5.441771733921168,21.562294942523145,18,0.0,4.38,13061.815812331082,0.7923215275607154,1.2424136378815454,659.4273046964732,420.0,1080.0,239.4,74.31594598711379,63.96359765437747,12.726950920381151,919.8,287.85927656357677,919.8,0.3129585524718165
CaCl2_passive,egypt_blacksea,CaCl2 (passive),Egypt -> Black Sea,1000.0,17.674587559841765,0.11577435644663467,5.544159984770537,5.457621587579689,17.561136732512573,22,0.0,4.38,13099.860015444054,0.790020492199285,1.2460323259314359,438.1425760771517,420.0,1320.0,289.8,76.39625208509449,65.79262123497186,13.239769069470551,1182.6,296.1531091292582,1182.6,0.2504254262889043
CaCl2_passive,atacama_southern_cone,CaCl2 (passive),Atacama -> Southern Cone,1000.0,8.601339870311744,0.16870060199133294,5.504081636792513,5.41816881967252,20.773452042285673,18,0.0,4.38,13005.162036019867,0.7957730806028581,1.2370248446740912,274.8241176656114,420.0,1080.0,239.4,62.767652696451925,53.79206987024586,10.06949198375919,832.2,241.7068941198734,832.2,0.2904432757989346
CaCl2_passive,namibia_nweurope,CaCl2 (passive),Namibia -> NW Europe,1000.0,12.19508518714148,0.1396251235652786,5.536097689757775,5.449685136353905,4.566915201367156,82,0.0,4.38,13080.81025202447,0.7911710098800011,1.2442203507657317,339.5115333685466,420.0,4920.0,1045.8,204.11389184642078,178.35989794403727,114.59801552641171,1051.2,807.0373840042256,1051.2,0.767729627096866
CaCl2_passive,australia_china,CaCl2 (passive),Pilbara (AU) -> N. China,1000.0,11.27433307517226,0.15784262841867133,5.593031233451379,5.50573000843068,6.356176724493048,60,0.0,4.38,13215.33404906821,0.7831173861150003,1.2570159836599726,322.9379953531007,420.0,3600.0,768.6,155.7248999894253,135.69603177254774,47.737877385575985,1533.0,613.384559442372,1533.0,0.40012039102568303
CaCl2_full,morocco_baltic,CaCl2 (deep),Morocco -> Baltic,1000.0,7.361859047333631,0.31381919510006984,6.009140043888307,3.572403710391386,11.50975552802444,17,0.0,4.38,6668.9436207072495,0.7288896527640008,0.8156172854774854,1445.1346285200536,420.0,1020.0,226.8,94.5584487073289,82.55597459761063,18.49682557376428,1270.2,373.4321554224064,1270.2,0.29399476887293846
CaCl2_full,tunisia_adriatic,CaCl2 (deep),Tunisia -> Adriatic,1000.0,8.495414127206121,0.2953628030964776,5.9826985090367835,3.5566843501298075,21.562294942523145,9,0.0,4.38,6639.598805329014,0.7321111022699991,0.8120283904405953,1649.1745428971017,420.0,540.0,126.0,83.25036407187227,72.59294664079229,15.233528760771033,919.8,328.2209451476522,919.8,0.3568394706975997
CaCl2_full,egypt_blacksea,CaCl2 (deep),Egypt -> Black Sea,1000.0,6.869071380715394,0.3224043288433205,6.000300267634238,3.5671485076072105,17.561136732512573,11,0.0,4.38,6659.133237020481,0.7299634692660005,0.8144174674902307,1356.4328485287708,420.0,660.0,151.2,78.8276294385268,68.69263528492348,14.065334053322585,1182.6,310.51594182345247,1182.6,0.26257055794305134
CaCl2_full,atacama_southern_cone,CaCl2 (deep),Atacama -> Southern Cone,1000.0,4.223821630220858,0.3717770893304979,5.956488651864095,3.541102721089937,20.773452042285673,10,0.0,4.38,6610.511105838756,0.7353325517759981,0.8084709408881136,880.2878934397544,420.0,600.0,138.6,62.35652880224361,54.18140490713751,10.171884777570028,832.2,244.66654721277052,832.2,0.293999696242214
CaCl2_full,namibia_nweurope,CaCl2 (deep),Namibia -> NW Europe,1000.0,5.269476492458712,0.34971299824140534,5.9914864607740626,3.5619087434978747,4.566915201367156,42,0.0,4.38,6649.351674167067,0.7310372857680014,0.8132211743145832,1068.5057686425682,420.0,2520.0,541.8,137.70605636062712,120.58679175343019,36.37510846856359,1051.2,546.0366922371081,1051.2,0.5194412977902474
CaCl2_full,australia_china,CaCl2 (deep),Pilbara (AU) -> N. China,1000.0,5.5078153686002524,0.3497129982414054,6.053732513040156,3.5989137103398154,6.356176724493048,31,0.0,4.38,6718.432342971973,0.723520570254001,0.8216697968812364,1111.4067663480455,420.0,1860.0,403.2,115.04752081217632,100.60837673094508,25.682186770783876,1533.0,455.35281196176544,1533.0,0.2970337977571855
MgSO4,morocco_baltic,MgSO4,Morocco -> Baltic,1000.0,8.350695620721414,0.2811011364179839,6.105631350986204,3.959746156368582,11.50975552802444,18,0.0,4.38,6872.118037884537,0.7173705302879981,0.9040516338741055,1623.1252117298545,420.0,1080.0,292.6,103.98362232023024,90.65953639781658,21.507386464997772,1270.2,409.88702540758254,1270.2,0.3226948712073552
MgSO4,tunisia_adriatic,MgSO4,Tunisia -> Adriatic,1000.0,9.78722814560235,0.26037048032502436,6.075866440814606,3.940442421525911,21.562294942523145,10,0.0,4.38,6838.616510470321,0.7208848388399998,0.8996443884762354,1881.701066208423,420.0,600.0,169.4,93.63752761855616,81.54573026183529,18.1547421421189,919.8,368.53212794501076,919.8,0.40066550113612825
MgSO4,egypt_blacksea,MgSO4,Egypt -> Black Sea,1000.0,7.736486623479058,0.2908064957610712,6.095677363850505,3.9532905975516153,17.561136732512573,12,0.0,4.38,6860.914450472902,0.7185419664720002,0.9025777619980857,1512.5675922262303,420.0,720.0,200.2,87.09242894589093,75.77394784136453,16.235883150121754,1182.6,342.33211106714765,1182.6,0.28947413416805995
MgSO4,atacama_southern_cone,MgSO4,Atacama -> Southern Cone,1000.0,4.573186621173526,0.34855806009835005,6.046390330205376,3.9213259847513946,20.773452042285673,10,0.0,4.38,6805.440037840393,0.7243991473919987,0.8952799051943823,943.1735918112347,420.0,600.0,169.4,65.47440456266192,56.728686640894196,10.807384551835527,832.2,255.90883101734815,832.2,0.30750880920133156
MgSO4,namibia_nweurope,MgSO4,Namibia -> NW Europe,1000.0,5.796190354146441,0.3229360613716913,6.0857557797815565,3.946856053419533,4.566915201367156,43,0.0,4.38,6849.7473339332455,0.7197134026559996,0.9011086879953272,1163.3142637463595,420.0,2580.0,677.6,146.7343723258561,128.3414906663993,41.70842273250185,1051.2,580.9097116495632,1051.2,0.5526157835326895
MgSO4,australia_china,MgSO4,Pilbara (AU) -> N. China,1000.0,6.0824278257298525,0.3220193834185429,6.1558929342513755,3.9923428035793864,6.356176724493048,32,0.0,4.38,6928.689342818223,0.7115133493679997,0.9114937907715494,1214.8370086313735,420.0,1920.0,508.2,123.4154219143612,107.77779203464047,29.149831813782274,1533.0,487.56444103576484,1533.0,0.3180459497950195
MgOH2,morocco_baltic,Mg(OH)2,Morocco -> Baltic,1000.0,10.553446695098241,0.24237448940763623,6.653138299961523,2.9298203360263892,11.50975552802444,30,0.0,4.38,11916.509932819965,0.658335931484444,0.6689087525174404,2019.6204051176835,420.0,1800.0,759.5,154.14439063001748,133.13276215560487,46.00885710460848,1270.2,599.894448614122,1270.2,0.47228345820667766
MgOH2,tunisia_adriatic,Mg(OH)2,Tunisia -> Adriatic,1000.0,12.598233674114894,0.22069312071981462,6.62910987974487,2.919239020710309,21.562294942523145,16,0.0,4.38,11873.472362387483,0.6607221903777781,0.6664929271028103,2387.6820613406812,420.0,960.0,416.5,129.68117716705606,111.58173607217596,31.431934059329663,919.8,502.1018473608818,919.8,0.5458815474677993
MgOH2,egypt_blacksea,Mg(OH)2,Egypt -> Black Sea,1000.0,9.702982552247622,0.2527684124766506,6.6451094953790335,2.9262847181150846,17.561136732512573,20,0.0,4.38,11902.129451723364,0.6591313511155571,0.6681015338162294,1866.5368594045722,420.0,1200.0,514.5,124.19685109024034,106.74152817687082,28.866853970320165,1182.6,480.12442312854864,1182.6,0.4059905488995
MgOH2,atacama_southern_cone,Mg(OH)2,Atacama -> Southern Cone,1000.0,5.443440694851352,0.31989976954619226,6.605254396644309,2.908733861135597,20.773452042285673,17,0.0,4.38,11830.744541545151,0.6631084492711117,0.6640944888437436,1099.8193250732434,420.0,1020.0,441.0,93.5653403417381,79.76049962731243,17.613527459992277,832.2,357.6983190087892,832.2,0.4298225414669421
MgOH2,namibia_nweurope,Mg(OH)2,Namibia -> NW Europe,1000.0,7.038625031675901,0.2900248415480109,6.637100045273664,2.9227576232703454,4.566915201367156,75,0.0,4.38,11887.783636645709,0.659926770746666,0.6672962610206268,1386.9525057016622,420.0,4500.0,1862.0,249.22929944387585,216.9432281071205,601.9551070276323,1051.2,980.2743006841995,1051.2,0.9325288248517879
MgOH2,australia_china,Mg(OH)2,Pilbara (AU) -> N. China,1000.0,7.3947810209247455,0.2880054749759132,6.693575110337917,2.9476273594224804,6.356176724493048,54,0.0,4.38,11988.936753183003,0.6543588333288877,0.672974282973169,1451.0605837664543,420.0,3240.0,1347.5,197.95294537660766,171.72725332662353,99.59682241969787,1533.0,775.0272700519746,1533.0,0.5055624723104857
CaOH2,morocco_baltic,Ca(OH)2,Morocco -> Baltic,1000.0,14.359376771654235,0.20287123682873445,7.577071599706723,2.5987679888467237,11.50975552802444,37,0.0,4.38,14708.844530015333,0.5780597348676937,0.5933260248508501,3566.2504251970163,420.0,2220.0,691.6,210.7598123337145,183.25751713028737,132.54853094363122,1270.2,827.742051023642,1270.2,0.6516627704484664
CaOH2,tunisia_adriatic,Ca(OH)2,Tunisia -> Adriatic,1000.0,17.301906093254054,0.18308662178707674,7.552788515579175,2.5904394280207175,21.562294942523145,20,0.0,4.38,14661.705459935056,0.5799182634288451,0.5914245269453693,4272.457462380973,420.0,1200.0,382.2,192.0517672910123,166.777025004665,88.68995340407783,919.8,752.9588954857168,919.8,0.8186115410803618
CaOH2,egypt_blacksea,Ca(OH)2,Egypt -> Black Sea,1000.0,13.18031647903365,0.21195139346993339,7.56895990736909,2.595985857768112,17.561136732512573,24,0.0,4.38,14693.097863258972,0.5786792443880777,0.5926908351068748,3283.275954968076,420.0,1440.0,455.0,171.7684840934896,148.8948491628575,61.49821739448479,1182.6,671.7931145961691,1182.6,0.568064531199196
CaOH2,atacama_southern_cone,Ca(OH)2,Atacama -> Southern Cone,1000.0,7.2153261956038355,0.27508038425310816,7.528660579632232,2.582164079589509,20.773452042285673,21,0.0,4.38,14614.8675682768,0.5817767919899981,0.5895351779884723,1851.6782869449205,420.0,1260.0,400.4,121.76221417609959,104.83467710753241,27.87960874438648,832.2,471.8493944333905,832.2,0.5669903802371912
CaOH2,namibia_nweurope,Ca(OH)2,Namibia -> NW Europe,1000.0,9.41430896743131,0.24701750606198242,7.5608655645272,2.593209677182846,4.566915201367156,92,0.0,4.38,14677.384875877558,0.5792987539084611,0.5920570039230243,2379.4341521835145,420.0,5520.0,1692.6,304.1771446332336,265.5970259504724,10012034152.183514,1051.2,1201.4440982620217,1051.2,1.1429262730803098
CaOH2,australia_china,Ca(OH)2,Pilbara (AU) -> N. China,1000.0,9.950474793069187,0.24358971272625954,7.617892266670761,2.612768574850634,6.356176724493048,67,0.0,4.38,14788.086864746378,0.574962187265768,0.5965225056736608,2508.1139503366053,420.0,4020.0,1237.6,249.4163210949322,217.31430798943703,611.6191226940629,1533.0,982.2856740403927,1533.0,0.6407603875018869
