chem_key,wind_assist_fraction,cargo_consumed_fraction
CaCl2_passive,0.0,0.3062916666666667
CaCl2_passive,0.1,0.2756625
CaCl2_passive,0.2,0.24503333333333333
CaCl2_passive,0.30000000000000004,0.21440416666666665
CaCl2_passive,0.4,0.183775
CaCl2_passive,0.5,0.15314583333333334
CaCl2_passive,0.6000000000000001,0.12251666666666663
CaCl2_passive,0.7000000000000001,0.09188749999999998
CaCl2_passive,0.8,0.06125833333333332
CaCl2_passive,0.9,0.03062916666666666
CaCl2_full,0.0,0.14386296296296294
CaCl2_full,0.1,0.12947666666666666
CaCl2_full,0.2,0.11509037037037037
CaCl2_full,0.30000000000000004,0.10070407407407407
CaCl2_full,0.4,0.08631777777777778
CaCl2_full,0.5,0.07193148148148147
CaCl2_full,0.6000000000000001,0.05754518518518517
CaCl2_full,0.7000000000000001,0.043158888888888886
CaCl2_full,0.8,0.028772592592592586
CaCl2_full,0.9,0.014386296296296293
MgSO4,0.0,0.1459030303030303
MgSO4,0.1,0.13131272727272728
MgSO4,0.2,0.11672242424242425
MgSO4,0.30000000000000004,0.10213212121212122
MgSO4,0.4,0.08754181818181819
MgSO4,0.5,0.07295151515151516
MgSO4,0.6000000000000001,0.05836121212121211
MgSO4,0.7000000000000001,0.04377090909090908
MgSO4,0.8,0.029180606060606056
MgSO4,0.9,0.014590303030303028
MgOH2,0.0,0.23218106995884777
MgOH2,0.1,0.20896296296296302
MgOH2,0.2,0.18574485596707824
MgOH2,0.30000000000000004,0.16252674897119346
MgOH2,0.4,0.13930864197530865
MgOH2,0.5,0.11609053497942388
MgOH2,0.6000000000000001,0.09287242798353909
MgOH2,0.7000000000000001,0.06965432098765433
MgOH2,0.8,0.046436213991769545
MgOH2,0.9,0.023218106995884773
CaOH2,0.0,0.2516410256410257
CaOH2,0.1,0.22647692307692308
CaOH2,0.2,0.2013128205128205
CaOH2,0.30000000000000004,0.17614871794871795
CaOH2,0.4,0.1509846153846154
CaOH2,0.5,0.12582051282051285
CaOH2,0.6000000000000001,0.10065641025641024
CaOH2,0.7000000000000001,0.07549230769230769
CaOH2,0.8,0.05032820512820512
CaOH2,0.9,0.02516410256410256
