chem_key,capacity_MWth,LCOH,pond_area_km2,ships,annual_heat_TWh,annual_avoided_CO2_kt
CaCl2_passive,50,108.18969191057428,1.0427417273689046,2,0.219,63.51
CaCl2_passive,100,104.85815648367846,2.085483454737809,4,0.438,127.02
CaCl2_passive,250,95.18083929126668,5.213708636844528,9,1.095,317.55
CaCl2_passive,500,90.67533423775038,10.427417273689056,17,2.19,635.1
CaCl2_passive,1000,88.42258171099223,20.85483454737811,33,4.38,1270.2
CaCl2_passive,2000,88.25600493964743,41.70966909475622,66,8.76,2540.4
CaCl2_passive,5000,87.3882192832131,104.27417273689028,163,21.9,6351.0
MgOH2,50,167.7833746710574,0.5276723347549118,2,0.219,63.51
MgOH2,100,138.9629491526726,1.0553446695098236,3,0.438,127.02
MgOH2,250,139.54464581451157,2.6383616737745603,8,1.095,317.55
MgOH2,500,133.7805607108346,5.276723347549121,15,2.19,635.1
MgOH2,1000,133.13276215560487,10.553446695098241,30,4.38,1270.2
MgOH2,2000,132.80886287798998,21.106893390196483,60,8.76,2540.4
MgOH2,5000,131.72082571277755,52.767233475491196,148,21.9,6351.0
CaOH2,50,198.6037326998933,0.7179688385827111,2,0.219,63.51
CaOH2,100,193.79151486104365,1.4359376771654222,4,0.438,127.02
CaOH2,250,190.90418415773405,3.5898441929135587,10,1.095,317.55
CaOH2,500,185.80640613943623,7.179688385827117,19,2.19,635.1
CaOH2,1000,183.25751713028737,14.359376771654235,37,4.38,1270.2
CaOH2,2000,183.01690623834486,28.71875354330847,74,8.76,2540.4
CaOH2,5000,182.04547281307387,71.79688385827122,183,21.9,6351.0
