depth_fraction,energy_density_kWh_per_t,T_charge_full_C,LCOH,pond_area_km2,round_trip,needs_csp
0.15,135.15948819607135,73.0,309.46265643584735,25.896061758018547,0.34440216065852725,False
0.24444444444444444,220.25990668989408,93.77777777777777,153.87649520880757,32.02164800703935,0.4929541462447322,False
0.3388888888888889,305.3603251837168,114.55555555555554,130.7405172775321,6.843207470631006,0.5587066644550202,True
0.43333333333333335,390.4607436775395,135.33333333333337,108.64780150751143,6.709648148334092,0.5957978285736454,True
0.5277777777777778,475.5611621713623,156.1111111111111,97.35934573058617,6.754159485558906,0.6196142602708672,True
0.6222222222222222,560.6615806651849,176.8888888888889,91.51186335323243,6.894407926637135,0.6362007037742872,True
0.7166666666666667,645.7619991590076,197.66666666666663,86.0067431611389,7.094478067435701,0.648415526509367,True
0.8111111111111111,730.8624176528303,218.44444444444446,84.05256882718761,7.345912914780616,0.6577858014842234,True
0.9055555555555556,815.9628361466531,239.22222222222229,82.37016835614159,7.646175290371342,0.6652015405747477,True
1.0,901.0632546404759,260.0,82.58298650195974,7.99441410228265,0.6712165289481798,True
