cruise_speed_kn,distance_km,cycle_days,voyages_per_ship_per_year,ships_required_1GWth
5.0,500,10.499640028797696,34.76309654415798,8.21889630434262
5.0,1000,14.999280057595392,24.33450129595853,11.741119418861365
5.0,1500,19.498920086393092,18.71898537882144,15.263342533380113
5.0,2000,23.998560115190784,15.2092458150837,18.785565647898853
5.0,3000,32.997840172786184,11.061330017017932,25.83001187693635
5.0,4000,41.99712023038157,8.69107210203312,32.87445810597383
5.0,6000,59.99568034557236,6.083771329829361,46.96335056404882
5.0,8000,77.99424046076314,4.679832739490834,61.05224302212379
5.0,10000,95.99280057595392,3.8023684881575592,75.14113548019877
5.0,12000,113.99136069114472,3.2019970442229715,89.23002793827375
7.0,500,9.214028591998355,39.61350850560343,7.21254684305155
7.0,1000,12.42805718399671,29.369031264999418,9.728420496279226
7.0,1500,15.642085775995062,23.334483982957238,12.244294149506898
7.0,2000,18.85611436799342,19.357116364310723,14.760167802734577
7.0,3000,25.284171551990124,14.435909013252632,19.791915109189922
7.0,4000,31.712228735986837,11.50975552802444,24.823662415645273
7.0,6000,44.56834310398025,8.18966949586697,34.88715702855597
7.0,8000,57.424457471973675,6.356176724493048,44.95065164146668
7.0,10000,70.2805718399671,5.193469410452806,55.01414625437737
7.0,12000,83.1366862079605,4.390360220600789,65.07764086728807
9.0,500,8.49980001599872,42.94218679415751,6.6534638090009555
9.0,1000,10.99960003199744,33.18302474073859,8.610254428178035
9.0,1500,13.499400047996161,27.038238640403893,10.567045047355117
9.0,2000,15.99920006399488,22.813640590782278,12.523835666532197
9.0,3000,20.998800095992323,17.38194555553016,16.43741690488636
9.0,4000,25.99840012798976,14.039325427838255,20.350998143240517
9.0,6000,35.997600191984645,10.139564805802587,28.178160619948844
9.0,8000,45.99680025597952,7.935334587812997,36.005323096657165
9.0,10000,55.99600031997441,6.518322700091142,43.83248557336548
9.0,12000,65.99520038396929,5.530705231234681,51.659648050073805
